PMID,Title,Authors,Citation,First Author,Journal/Book,Publication Year,Create Date,PMCID,NIHMS ID,DOI
"23746605","Socioeconomic inequalities and mental health problems in children and adolescents: a systematic review","Reiss F.","Soc Sci Med. 2013 Aug;90:24-31. doi: 10.1016/j.socscimed.2013.04.026. Epub 2013 May 4.","Reiss F","Soc Sci Med","2013","2013/06/11","","","10.1016/j.socscimed.2013.04.026"
"16903807","An interactionist perspective on the socioeconomic context of human development","Conger RD, Donnellan MB.","Annu Rev Psychol. 2007;58:175-99. doi: 10.1146/annurev.psych.58.110405.085551.","Conger RD","Annu Rev Psychol","2007","2006/08/15","","","10.1146/annurev.psych.58.110405.085551"
"1840741","Depression in women","Paykel ES.","Br J Psychiatry Suppl. 1991 May;(10):22-9.","Paykel ES","Br J Psychiatry Suppl","1991","1991/05/01","","",""
"37720820","Social causation, social selection, and economic selection in the health outcomes of Chinese older adults and their gender disparities","Zhang K, Xu X, You H.","SSM Popul Health. 2023 Sep 9;24:101508. doi: 10.1016/j.ssmph.2023.101508. eCollection 2023 Dec.","Zhang K","SSM Popul Health","2023","2023/09/18","PMC10500472","","10.1016/j.ssmph.2023.101508"
"17324086","Representing causation","Wolff P.","J Exp Psychol Gen. 2007 Feb;136(1):82-111. doi: 10.1037/0096-3445.136.1.82.","Wolff P","J Exp Psychol Gen","2007","2007/02/28","","","10.1037/0096-3445.136.1.82"
"31408171","Social Causation, Social Selection, or Common Determinants? Examining Competing Explanations for the Link Between Young Adult Unemployment and Nicotine Dependence","Lee JO, Horwood LJ, Lee WJ, Hackman DA, McLeod GF, Boden JM.","Nicotine Tob Res. 2020 Oct 29;22(11):2006-2013. doi: 10.1093/ntr/ntz131.","Lee JO","Nicotine Tob Res","2020","2019/08/14","","","10.1093/ntr/ntz131"
"32087488","Social causation or social selection? The longitudinal interrelationship between poverty and depressive symptoms in China","Jin Y, Zhu D, He P.","Soc Sci Med. 2020 Mar;249:112848. doi: 10.1016/j.socscimed.2020.112848. Epub 2020 Feb 19.","Jin Y","Soc Sci Med","2020","2020/02/23","","","10.1016/j.socscimed.2020.112848"
"23990406","Migraine and the social selection vs causation hypotheses: a question larger than either/or?","Peterlin BL, Scher AI.","Neurology. 2013 Sep 10;81(11):942-3. doi: 10.1212/WNL.0b013e3182a43ea7. Epub 2013 Aug 29.","Peterlin BL","Neurology","2013","2013/08/31","PMC4703078","NIHMS566021","10.1212/WNL.0b013e3182a43ea7"
"15863737","Immigration and schizophrenia: the social causation hypothesis revisited","Cooper B.","Br J Psychiatry. 2005 May;186:361-3. doi: 10.1192/bjp.186.5.361.","Cooper B","Br J Psychiatry","2005","2005/05/03","","","10.1192/bjp.186.5.361"
"34551635","Does social isolation affect physical and mental health? A test of the social causation hypothesis using dynamic panel models with fixed effects","Seifert N, Seddig D, Eckhard J.","Aging Ment Health. 2022 Jul;26(7):1353-1367. doi: 10.1080/13607863.2021.1961125. Epub 2021 Sep 23.","Seifert N","Aging Ment Health","2022","2021/09/23","","","10.1080/13607863.2021.1961125"
"29331699","Simultaneous social causation and social drift: Longitudinal analysis of depression and poverty in South Africa","Lund C, Cois A.","J Affect Disord. 2018 Mar 15;229:396-402. doi: 10.1016/j.jad.2017.12.050. Epub 2017 Dec 28.","Lund C","J Affect Disord","2018","2018/01/15","","","10.1016/j.jad.2017.12.050"
"33714168","Social support and posttraumatic stress disorder: A meta-analysis of longitudinal studies","Wang Y, Chung MC, Wang N, Yu X, Kenardy J.","Clin Psychol Rev. 2021 Apr;85:101998. doi: 10.1016/j.cpr.2021.101998. Epub 2021 Mar 4.","Wang Y","Clin Psychol Rev","2021","2021/03/13","","","10.1016/j.cpr.2021.101998"
"26089181","What causes health inequality? A systematic review on the relative importance of social causation and health selection","Kröger H, Pakpahan E, Hoffmann R.","Eur J Public Health. 2015 Dec;25(6):951-60. doi: 10.1093/eurpub/ckv111. Epub 2015 Jun 18.","Kröger H","Eur J Public Health","2015","2015/06/20","","","10.1093/eurpub/ckv111"
"18820820","Inequalities in health, social causation and the role of occupation","Kristensen P.","Scand J Work Environ Health. 2008 Aug;34(4):235-8. doi: 10.5271/sjweh.1273.","Kristensen P","Scand J Work Environ Health","2008","2008/09/30","","","10.5271/sjweh.1273"
"37557992","Prospective associations between social support and posttraumatic stress disorder may be spurious: A re-meta-analysis of longitudinal studies and a simulation","Sorjonen K, Melin B.","J Affect Disord. 2023 Nov 1;340:174-180. doi: 10.1016/j.jad.2023.08.014. Epub 2023 Aug 7.","Sorjonen K","J Affect Disord","2023","2023/08/09","","","10.1016/j.jad.2023.08.014"
"27077494","Social Causation Versus Social Erosion: Comparisons of Causal Models for Relations Between Support and PTSD Symptoms","Shallcross SL, Arbisi PA, Polusny MA, Kramer MD, Erbes CR.","J Trauma Stress. 2016 Apr;29(2):167-75. doi: 10.1002/jts.22086.","Shallcross SL","J Trauma Stress","2016","2016/04/15","","","10.1002/jts.22086"
"29306894","Income and obesity: what is the direction of the relationship? A systematic review and meta-analysis","Kim TJ, von dem Knesebeck O.","BMJ Open. 2018 Jan 5;8(1):e019862. doi: 10.1136/bmjopen-2017-019862.","Kim TJ","BMJ Open","2018","2018/01/08","PMC5781054","","10.1136/bmjopen-2017-019862"
"20099446","Toward explaining mental health disparities","Aneshensel CS.","J Health Soc Behav. 2009 Dec;50(4):377-94. doi: 10.1177/002214650905000401.","Aneshensel CS","J Health Soc Behav","2009","2010/01/27","","","10.1177/002214650905000401"
"28177442","Associations between social support and depressive symptoms: social causation or social selection-or both?","Almquist YB, Landstedt E, Hammarström A.","Eur J Public Health. 2017 Feb 1;27(1):84-89. doi: 10.1093/eurpub/ckw120.","Almquist YB","Eur J Public Health","2017","2017/02/09","","","10.1093/eurpub/ckw120"
"11467248","Volunteer work and well-being","Thoits PA, Hewitt LN.","J Health Soc Behav. 2001 Jun;42(2):115-31.","Thoits PA","J Health Soc Behav","2001","2001/07/27","","",""
"28554162","Social causation and neighborhood selection underlie associations of neighborhood factors with illicit drug-using social networks and illicit drug use among adults relocated from public housing","Linton SL, Haley DF, Hunter-Jones J, Ross Z, Cooper HLF.","Soc Sci Med. 2017 Jul;185:81-90. doi: 10.1016/j.socscimed.2017.04.055. Epub 2017 May 4.","Linton SL","Soc Sci Med","2017","2017/05/30","PMC5554410","NIHMS880163","10.1016/j.socscimed.2017.04.055"
"35192652","Financial stress and depression in adults: A systematic review","Guan N, Guariglia A, Moore P, Xu F, Al-Janabi H.","PLoS One. 2022 Feb 22;17(2):e0264041. doi: 10.1371/journal.pone.0264041. eCollection 2022.","Guan N","PLoS One","2022","2022/02/22","PMC8863240","","10.1371/journal.pone.0264041"
"40891007","The impact of socioeconomic factors on the incidence and characteristics of first-episode psychosis","Belvederi Murri M, Onofrio A, Punzi C, Caranci N, Rubolino E, Giovinazzi F, Azzolina D, Folesani F, Grassi L, Tarricone I, Starace F.","Epidemiol Psychiatr Sci. 2025 Sep 2;34:e45. doi: 10.1017/S2045796025100206.","Belvederi Murri M","Epidemiol Psychiatr Sci","2025","2025/09/02","PMC12450539","","10.1017/S2045796025100206"
"16138743","Sati: a type of nonpsychiatric suicide","Bhugra D.","Crisis. 2005;26(2):73-7. doi: 10.1027/0227-5910.26.2.73.","Bhugra D","Crisis","2005","2005/09/06","","","10.1027/0227-5910.26.2.73"
"14559963","Poverty and child mental health: natural experiments and social causation","Rutter M.","JAMA. 2003 Oct 15;290(15):2063-4. doi: 10.1001/jama.290.15.2063.","Rutter M","JAMA","2003","2003/10/16","","","10.1001/jama.290.15.2063"
"41146094","The correlation between intragenerational subjective social mobility and health: a scoping review","Noorizadeh K, Vardanjani HM, Ostovarfar J, Valiee S.","BMC Public Health. 2025 Oct 27;25(1):3606. doi: 10.1186/s12889-025-24771-0.","Noorizadeh K","BMC Public Health","2025","2025/10/28","PMC12557970","","10.1186/s12889-025-24771-0"
"28776115","Social justice, epidemiology and health inequalities","Marmot M.","Eur J Epidemiol. 2017 Jul;32(7):537-546. doi: 10.1007/s10654-017-0286-3. Epub 2017 Aug 3.","Marmot M","Eur J Epidemiol","2017","2017/08/05","PMC5570780","","10.1007/s10654-017-0286-3"
"35242990","Life course socioeconomic position and general and oral health in later life: Assessing the role of social causation and health selection pathways","Letelier A, Jivraj S, Heilmann A, Watt RG, Tsakos G.","SSM Popul Health. 2022 Feb 7;17:101026. doi: 10.1016/j.ssmph.2022.101026. eCollection 2022 Mar.","Letelier A","SSM Popul Health","2022","2022/03/04","PMC8881487","","10.1016/j.ssmph.2022.101026"
"12640364","Letting the ""Gini"" out of the bottle: social causation and the obesity epidemic","Goodman E.","J Pediatr. 2003 Mar;142(3):228-30. doi: 10.1067/mpd.2003.151.","Goodman E","J Pediatr","2003","2003/03/18","","","10.1067/mpd.2003.151"
"15992981","Intragenerational mobility and mortality in Oslo: social selection versus social causation","Claussen B, Smits J, Naess O, Davey Smith G.","Soc Sci Med. 2005 Dec;61(12):2513-20. doi: 10.1016/j.socscimed.2005.04.045. Epub 2005 Jul 1.","Claussen B","Soc Sci Med","2005","2005/07/05","","","10.1016/j.socscimed.2005.04.045"
"20814174","Social mobility and psychiatric disabilities: an assessment of the social causation and social selection hypotheses","Shin HU, Han CW, Kohzuki M.","Tohoku J Exp Med. 2010 Sep;222(1):23-31. doi: 10.1620/tjem.222.23.","Shin HU","Tohoku J Exp Med","2010","2010/09/04","","","10.1620/tjem.222.23"
"34797409","Educational level, attention problems, and externalizing behaviour in adolescence and early adulthood: the role of social causation and health-related selection-the TRAILS study","Schmengler H, Peeters M, Stevens GWJM, Kunst AE, Hartman CA, Oldehinkel AJ, Vollebergh WAM.","Eur Child Adolesc Psychiatry. 2023 May;32(5):809-824. doi: 10.1007/s00787-021-01913-4. Epub 2021 Nov 19.","Schmengler H","Eur Child Adolesc Psychiatry","2023","2021/11/19","PMC10147770","","10.1007/s00787-021-01913-4"
"17542378","The contribution of social factors to the development of schizophrenia: a review of recent findings","Cantor-Graae E.","Can J Psychiatry. 2007 May;52(5):277-86. doi: 10.1177/070674370705200502.","Cantor-Graae E","Can J Psychiatry","2007","2007/06/05","","","10.1177/070674370705200502"
"38821368","Evaluating a maladaptive personality-informed model of social support and post-traumatic stress disorder","Liu J, Teh WL, Tan RHS, Chang SSH, Lau BJ, Chandwani N, Tor PC, Subramaniam M.","J Affect Disord. 2024 Sep 15;361:209-216. doi: 10.1016/j.jad.2024.05.164. Epub 2024 May 29.","Liu J","J Affect Disord","2024","2024/05/31","","","10.1016/j.jad.2024.05.164"
"34383086","Understanding the association between material hardship and posttraumatic stress disorder: a test of the social selection and social causation hypotheses and an exploration of gender differences","Holmes SC, Austin AE, Smith MV.","Soc Psychiatry Psychiatr Epidemiol. 2022 Jan;57(1):57-66. doi: 10.1007/s00127-021-02162-1. Epub 2021 Aug 12.","Holmes SC","Soc Psychiatry Psychiatr Epidemiol","2022","2021/08/12","PMC8865605","NIHMS1744786","10.1007/s00127-021-02162-1"
"10466273","A longitudinal investigation of social causation and social selection processes involved in the association between socioeconomic status and psychiatric disorders","Johnson JG, Cohen P, Dohrenwend BP, Link BG, Brook JS.","J Abnorm Psychol. 1999 Aug;108(3):490-9. doi: 10.1037//0021-843x.108.3.490.","Johnson JG","J Abnorm Psychol","1999","1999/08/31","","","10.1037//0021-843x.108.3.490"
"18643807","Depression and poverty among rural women: a relationship of social causation or social selection?","Simmons LA, Braun B, Charnigo R, Havens JR, Wright DW.","J Rural Health. 2008 Summer;24(3):292-8. doi: 10.1111/j.1748-0361.2008.00171.x.","Simmons LA","J Rural Health","2008","2008/07/23","","","10.1111/j.1748-0361.2008.00171.x"
"36114856","A brief report on the temporal relations between social functioning and behavioral health among veterans","Perrotte JK, Weston R, Meyer EC, DeBeer BB, Kimbrel NA, Gulliver SB, Morissette SB.","Soc Psychiatry Psychiatr Epidemiol. 2023 Jan;58(1):177-181. doi: 10.1007/s00127-022-02364-1. Epub 2022 Sep 17.","Perrotte JK","Soc Psychiatry Psychiatr Epidemiol","2023","2022/09/17","PMC9852037","NIHMS1837956","10.1007/s00127-022-02364-1"
"27178430","Neighbourhood level social deprivation and the risk of psychotic disorders: a systematic review","O'Donoghue B, Roche E, Lane A.","Soc Psychiatry Psychiatr Epidemiol. 2016 Jul;51(7):941-50. doi: 10.1007/s00127-016-1233-4. Epub 2016 May 13.","O'Donoghue B","Soc Psychiatry Psychiatr Epidemiol","2016","2016/05/15","","","10.1007/s00127-016-1233-4"
"14982249","Early childcare and physical aggression: differentiating social selection and social causation","Borge AI, Rutter M, Côté S, Tremblay RE.","J Child Psychol Psychiatry. 2004 Feb;45(2):367-76. doi: 10.1111/j.1469-7610.2004.00227.x.","Borge AI","J Child Psychol Psychiatry","2004","2004/02/26","","","10.1111/j.1469-7610.2004.00227.x"
"35045096","Educational level and alcohol use in adolescence and early adulthood-The role of social causation and health-related selection-The TRAILS Study","Schmengler H, Peeters M, Kunst AE, Oldehinkel AJ, Vollebergh WAM.","PLoS One. 2022 Jan 19;17(1):e0261606. doi: 10.1371/journal.pone.0261606. eCollection 2022.","Schmengler H","PLoS One","2022","2022/01/19","PMC8769339","","10.1371/journal.pone.0261606"
"24608029","Is there evidence that social class at birth increases risk of psychosis? A systematic review","Kwok W.","Int J Soc Psychiatry. 2014 Dec;60(8):801-8. doi: 10.1177/0020764014524737. Epub 2014 Mar 6.","Kwok W","Int J Soc Psychiatry","2014","2014/03/11","","","10.1177/0020764014524737"
"37339872","Longitudinal bidirectional link between socioeconomic position and health: a national panel survey analysis","Benderly M, Fluss R, Murad H, Averbuch E, Freedman LS, Kalter-Leibovici O.","J Epidemiol Community Health. 2023 Aug;77(8):527-533. doi: 10.1136/jech-2022-219955. Epub 2023 Jun 20.","Benderly M","J Epidemiol Community Health","2023","2023/06/20","","","10.1136/jech-2022-219955"
"33711676","Accumulation of economic hardship and health during the COVID-19 pandemic: Social causation or selection?","Bierman A, Upenieks L, Glavin P, Schieman S.","Soc Sci Med. 2021 Apr;275:113774. doi: 10.1016/j.socscimed.2021.113774. Epub 2021 Feb 16.","Bierman A","Soc Sci Med","2021","2021/03/12","PMC9756751","","10.1016/j.socscimed.2021.113774"
"37714995","Youth Perceived Social Support and Symptom Distress: A Random-Intercept Cross-Lagged Panel Model","Meuleman EM, van der Veld WM, Laceulle OM, van der Heijden PT, Verhagen M, van Ee E.","J Youth Adolesc. 2024 Jan;53(1):117-129. doi: 10.1007/s10964-023-01859-7. Epub 2023 Sep 15.","Meuleman EM","J Youth Adolesc","2024","2023/09/15","PMC10761440","","10.1007/s10964-023-01859-7"
"18553415","Longitudinal linkages between perceived social support and posttraumatic stress symptoms: sequential roles of social causation and social selection","Kaniasty K, Norris FH.","J Trauma Stress. 2008 Jun;21(3):274-81. doi: 10.1002/jts.20334.","Kaniasty K","J Trauma Stress","2008","2008/06/17","","","10.1002/jts.20334"
"23205410","Learning about causes from people and about people as causes: probabilistic models and social causal reasoning","Buchsbaum D, Seiver E, Bridgers S, Gopnik A.","Adv Child Dev Behav. 2012;43:125-60. doi: 10.1016/b978-0-12-397919-3.00005-8.","Buchsbaum D","Adv Child Dev Behav","2012","2012/12/05","","","10.1016/b978-0-12-397919-3.00005-8"
"37024764","The Dreamwork of the Symptom: Reading Structural Racism and Family History in a Drug Addiction","Proudfoot J.","Cult Med Psychiatry. 2023 Dec;47(4):961-981. doi: 10.1007/s11013-023-09820-w. Epub 2023 Apr 6.","Proudfoot J","Cult Med Psychiatry","2023","2023/04/06","PMC10654195","","10.1007/s11013-023-09820-w"
"39197548","The reciprocal relationships between economic status and mental health: Investigating the between-person and within-person effects in a three-wave longitudinal study","Prati G.","J Affect Disord. 2024 Dec 1;366:16-24. doi: 10.1016/j.jad.2024.08.169. Epub 2024 Aug 26.","Prati G","J Affect Disord","2024","2024/08/28","","","10.1016/j.jad.2024.08.169"
"29847225","Health social work in Canada: Five trends worth noting","Bryson SA, Bosma H.","Soc Work Health Care. 2018 Sep;57(8):1-26. doi: 10.1080/00981389.2018.1474161. Epub 2018 May 30.","Bryson SA","Soc Work Health Care","2018","2018/05/31","","","10.1080/00981389.2018.1474161"
"23990405","Migraine prevalence, socioeconomic status, and social causation","Stewart WF, Roy J, Lipton RB.","Neurology. 2013 Sep 10;81(11):948-55. doi: 10.1212/WNL.0b013e3182a43b32. Epub 2013 Aug 29.","Stewart WF","Neurology","2013","2013/08/31","PMC3888198","","10.1212/WNL.0b013e3182a43b32"
"38961003","Selective Classes and Early Health Inequalities in Comprehensive Schools in Finland","Kesanto-Jokipolvi H, Seppänen P, Koivuhovi S, Siipola M, Autio R, Rimpelä A.","J Sch Health. 2024 Sep;94(9):820-829. doi: 10.1111/josh.13488. Epub 2024 Jul 3.","Kesanto-Jokipolvi H","J Sch Health","2024","2024/07/03","","","10.1111/josh.13488"
"31017914","Intergenerational transmission of family adversity: Examining constellations of risk factors","Schoon I, Melis G.","PLoS One. 2019 Apr 24;14(4):e0214801. doi: 10.1371/journal.pone.0214801. eCollection 2019.","Schoon I","PLoS One","2019","2019/04/25","PMC6481806","","10.1371/journal.pone.0214801"
"24151148","Current research on transcultural psychiatry in the Anglophone Caribbean: epistemological, public policy, and epidemiological challenges","Hickling FW, Gibson RC, Hutchinson G.","Transcult Psychiatry. 2013 Dec;50(6):858-75. doi: 10.1177/1363461513508806. Epub 2013 Oct 22.","Hickling FW","Transcult Psychiatry","2013","2013/10/24","","","10.1177/1363461513508806"
"8058857","Social risk factors in schizophrenia","Weyerer S.","Psychol Rep. 1994 Jun;74(3 Pt 1):795-800. doi: 10.2466/pr0.1994.74.3.795.","Weyerer S","Psychol Rep","1994","1994/06/01","","","10.2466/pr0.1994.74.3.795"
"30233469","Is Social Support a Cause or Consequence of Depression? A Longitudinal Study of Adolescents","Ren P, Qin X, Zhang Y, Zhang R.","Front Psychol. 2018 Sep 4;9:1634. doi: 10.3389/fpsyg.2018.01634. eCollection 2018.","Ren P","Front Psychol","2018","2018/09/21","PMC6132191","","10.3389/fpsyg.2018.01634"
"11315232","Inter-generational longitudinal study of social class and depression: a test of social causation and social selection models","Ritsher JE, Warner V, Johnson JG, Dohrenwend BP.","Br J Psychiatry Suppl. 2001 Apr;40:s84-90. doi: 10.1192/bjp.178.40.s84.","Ritsher JE","Br J Psychiatry Suppl","2001","2001/04/24","","","10.1192/bjp.178.40.s84"
"36674290","Working Conditions and Mental Health in a Brazilian University","Borges LO, Motta GMV, Garcia-Primo GM, Barros SC, Heleno CT.","Int J Environ Res Public Health. 2023 Jan 14;20(2):1536. doi: 10.3390/ijerph20021536.","Borges LO","Int J Environ Res Public Health","2023","2023/01/21","PMC9859588","","10.3390/ijerph20021536"
"14610856","[Socio-economic inequalities and mental health. I. Concepts, theories, and interpretations]","Bonizzato P, Tello JE.","Epidemiol Psichiatr Soc. 2003 Jul-Sep;12(3):205-18. doi: 10.1017/s1121189x00002980.","Bonizzato P","Epidemiol Psichiatr Soc","2003","2003/11/13","","","10.1017/s1121189x00002980"
"38380052","When money and mental health problems pile up: The reciprocal relationship between income and psychological distress","Jiménez-Solomon O, Irwin G, Melanie W, Christopher W.","SSM Popul Health. 2024 Feb 8;25:101624. doi: 10.1016/j.ssmph.2024.101624. eCollection 2024 Mar.","Jiménez-Solomon O","SSM Popul Health","2024","2024/02/21","PMC10876910","","10.1016/j.ssmph.2024.101624"
"22252534","School performance and hospital admission due to unipolar depression: a three-generational study of social causation and social selection","Jonsson U, Goodman A, von Knorring AL, von Knorring L, Koupil I.","Soc Psychiatry Psychiatr Epidemiol. 2012 Oct;47(10):1695-706. doi: 10.1007/s00127-012-0476-y. Epub 2012 Jan 18.","Jonsson U","Soc Psychiatry Psychiatr Epidemiol","2012","2012/01/19","","","10.1007/s00127-012-0476-y"
"12697197","Health selection in the Whitehall II study, UK","Chandola T, Bartley M, Sacker A, Jenkinson C, Marmot M.","Soc Sci Med. 2003 May;56(10):2059-72. doi: 10.1016/s0277-9536(02)00201-0.","Chandola T","Soc Sci Med","2003","2003/04/17","","","10.1016/s0277-9536(02)00201-0"
"14723898","Women, work, and well-being 1950-2000: a review and methodological critique","Klumb PL, Lampert T.","Soc Sci Med. 2004 Mar;58(6):1007-24. doi: 10.1016/s0277-9536(03)00262-4.","Klumb PL","Soc Sci Med","2004","2004/01/16","","","10.1016/s0277-9536(03)00262-4"
"27885160","How unemployment and precarious employment affect the health of young people: A scoping study on social determinants","Vancea M, Utzet M.","Scand J Public Health. 2017 Feb;45(1):73-84. doi: 10.1177/1403494816679555. Epub 2016 Nov 24.","Vancea M","Scand J Public Health","2017","2016/11/26","","","10.1177/1403494816679555"
"36497538","A Mixed-Methods Outcomes Evaluation Protocol for a Co-Produced Psychoeducation Workshop Series on Recovery from Psychosis","Lee YY, Koo WL, Tan YF, Seet V, Subramaniam M, Ang S, Tang C.","Int J Environ Res Public Health. 2022 Nov 22;19(23):15464. doi: 10.3390/ijerph192315464.","Lee YY","Int J Environ Res Public Health","2022","2022/12/11","PMC9736781","","10.3390/ijerph192315464"
"15305757","Marital transitions and mental health","Wade TJ, Pevalin DJ.","J Health Soc Behav. 2004 Jun;45(2):155-70. doi: 10.1177/002214650404500203.","Wade TJ","J Health Soc Behav","2004","2004/08/13","","","10.1177/002214650404500203"
"1492411","Women and mental health: two traditions of feminist research","Pugliesi K.","Women Health. 1992;19(2-3):43-68. doi: 10.1300/J013v19n02_03.","Pugliesi K","Women Health","1992","1992/01/01","","","10.1300/J013v19n02_03"
"12927477","Social causation, health-selective mobility, and the reproduction of socioeconomic health inequalities over time: panel study of adult men","Elstad JI, Krokstad S.","Soc Sci Med. 2003 Oct;57(8):1475-89. doi: 10.1016/s0277-9536(02)00514-2.","Elstad JI","Soc Sci Med","2003","2003/08/21","","","10.1016/s0277-9536(02)00514-2"
"19147263","Urban/rural differences in body weight: evidence for social selection and causation hypotheses in Finland","Jokela M, Kivimäki M, Elovainio M, Viikari J, Raitakari OT, Keltikangas-Järvinen L.","Soc Sci Med. 2009 Mar;68(5):867-75. doi: 10.1016/j.socscimed.2008.12.022. Epub 2009 Jan 13.","Jokela M","Soc Sci Med","2009","2009/01/17","","","10.1016/j.socscimed.2008.12.022"
"21813793","Socioeconomic differences in cardiometabolic factors: social causation or health-related selection? Evidence from the Whitehall II Cohort Study, 1991-2004","Elovainio M, Ferrie JE, Singh-Manoux A, Shipley M, Batty GD, Head J, Hamer M, Jokela M, Virtanen M, Brunner E, Marmot MG, Kivimäki M.","Am J Epidemiol. 2011 Oct 1;174(7):779-89. doi: 10.1093/aje/kwr149. Epub 2011 Aug 3.","Elovainio M","Am J Epidemiol","2011","2011/08/05","PMC3176829","","10.1093/aje/kwr149"
"41074911","Health inequalities in the Nordic countries: A comparative overview and update","Fritzell J, Fors S.","J Intern Med. 2025 Dec;298(6):591-603. doi: 10.1111/joim.70029. Epub 2025 Oct 11.","Fritzell J","J Intern Med","2025","2025/10/11","PMC12617473","","10.1111/joim.70029"
"37751630","Disentangling the interplay between genes, cognitive skills, and educational level in adolescent and young adult smoking - The TRAILS study","Schmengler H, Oldehinkel AJ, Vollebergh WAM, Pasman JA, Hartman CA, Stevens GWJM, Nolte IM, Peeters M.","Soc Sci Med. 2023 Nov;336:116254. doi: 10.1016/j.socscimed.2023.116254. Epub 2023 Sep 20.","Schmengler H","Soc Sci Med","2023","2023/09/26","","","10.1016/j.socscimed.2023.116254"
"12948568","An agenda for future research on HIV and sexual behaviour among African migrant communities in the UK","Kesby M, Fenton K, Boyle P, Power R.","Soc Sci Med. 2003 Nov;57(9):1573-92. doi: 10.1016/s0277-9536(02)00551-8.","Kesby M","Soc Sci Med","2003","2003/09/02","","","10.1016/s0277-9536(02)00551-8"
"34347798","Socioeconomic position, social mobility, and health selection effects on allostatic load in the United States","Gugushvili A, Bulczak G, Zelinska O, Koltai J.","PLoS One. 2021 Aug 4;16(8):e0254414. doi: 10.1371/journal.pone.0254414. eCollection 2021.","Gugushvili A","PLoS One","2021","2021/08/04","PMC8336836","","10.1371/journal.pone.0254414"
"40821930","Poverty Reduction and Family Functioning: Results from an Experimental Study in Sub-Saharan Africa","Karimli L, Nabayinda J, Nartey PB, Ssewamala FM.","J Child Fam Stud. 2024 Oct;33(10):3104-3118. doi: 10.1007/s10826-024-02920-0. Epub 2024 Oct 2.","Karimli L","J Child Fam Stud","2024","2025/08/18","PMC12352544","NIHMS2043036","10.1007/s10826-024-02920-0"
"17120803","Income poverty, poverty co-factors, and the adjustment of children in elementary school","Ackerman BP, Brown ED.","Adv Child Dev Behav. 2006;34:91-129. doi: 10.1016/s0065-2407(06)80005-4.","Ackerman BP","Adv Child Dev Behav","2006","2006/11/24","","","10.1016/s0065-2407(06)80005-4"
"30843958","Psychological distress among transgender people in Brazil: frequency, intensity and social causation - an ICD-11 field study","Lobato MI, Soll BM, Brandelli Costa A, Saadeh A, Gagliotti DAM, Fresán A, Reed G, Robles R.","Braz J Psychiatry. 2019 Jul-Aug;41(4):310-315. doi: 10.1590/1516-4446-2018-0052. Epub 2019 Mar 7.","Lobato MI","Braz J Psychiatry","2019","2019/03/08","PMC6804302","","10.1590/1516-4446-2018-0052"
"35731011","Nordic research on health inequalities: A scoping review of empirical studies published in Scandinavian Journal of Public Health 2000-2021","Elstad JI, Heggebø K, Dahl E.","Scand J Public Health. 2022 Nov;50(7):843-851. doi: 10.1177/14034948221101304. Epub 2022 Jun 22.","Elstad JI","Scand J Public Health","2022","2022/06/22","PMC9578093","","10.1177/14034948221101304"
"37859650","Perceived causes and management of epilepsy among rural community dwellers in Ghana: a qualitative synthesis","Gyaase D, Gyaase TI, Tawiah R, Atta-Osei G, Owusu I, Mprah WK, Enuameh YA.","Front Neurol. 2023 Oct 4;14:1230336. doi: 10.3389/fneur.2023.1230336. eCollection 2023.","Gyaase D","Front Neurol","2023","2023/10/20","PMC10583556","","10.3389/fneur.2023.1230336"
"29696072","The relationship between social support and posttraumatic stress symptoms among youth exposed to a natural disaster","Lai BS, Osborne MC, Piscitello J, Self-Brown S, Kelley ML.","Eur J Psychotraumatol. 2018 Mar 22;9(Suppl 2):1450042. doi: 10.1080/20008198.2018.1450042. eCollection 2018.","Lai BS","Eur J Psychotraumatol","2018","2018/04/27","PMC5912434","","10.1080/20008198.2018.1450042"
"20102567","Social and financial resources and high-risk alcohol consumption among older adults","Moos RH, Brennan PL, Schutte KK, Moos BS.","Alcohol Clin Exp Res. 2010 Apr;34(4):646-54. doi: 10.1111/j.1530-0277.2009.01133.x. Epub 2010 Jan 26.","Moos RH","Alcohol Clin Exp Res","2010","2010/01/28","","","10.1111/j.1530-0277.2009.01133.x"
"42087579","Oral Health-Related Quality of Life and Social Engagement: Gender Differences","Sung P, Zhang Y, Kang M, Kang SH.","J Dent Res. 2026 May 5:220345261438375. doi: 10.1177/00220345261438375. Online ahead of print.","Sung P","J Dent Res","2026","2026/05/06","","","10.1177/00220345261438375"
"2037736","Patient assessment in psychiatric nursing","Savage P.","J Adv Nurs. 1991 Mar;16(3):311-6. doi: 10.1111/j.1365-2648.1991.tb01654.x.","Savage P","J Adv Nurs","1991","1991/03/01","","","10.1111/j.1365-2648.1991.tb01654.x"
"34516219","Do initial mental health, somatic, and social problems predict postdisaster lack of social support in the medium term? A latent profile analysis","van de Ven P, Kleber RJ, van der Velden PG.","Psychol Trauma. 2022 Jan;14(1):124-131. doi: 10.1037/tra0000919. Epub 2021 Sep 13.","van de Ven P","Psychol Trauma","2022","2021/09/13","","","10.1037/tra0000919"
"36117477","[Socio-economic position: more than a background characteristic in psychiatry]","Kok AAL.","Tijdschr Psychiatr. 2022;64(8):490-493.","Kok AAL","Tijdschr Psychiatr","2022","2022/09/19","","",""
"34472934","Happy, healthy, and wedded? How the transition to marriage affects mental and physical health","Huntington C, Stanley SM, Doss BD, Rhoades GK.","J Fam Psychol. 2022 Jun;36(4):608-617. doi: 10.1037/fam0000913. Epub 2021 Sep 2.","Huntington C","J Fam Psychol","2022","2021/09/02","PMC8888778","NIHMS1729353","10.1037/fam0000913"
"38671433","Health and health behaviours in adolescence as predictors of education and socioeconomic status in adulthood - a longitudinal study","Koivusilta LK, Acacio-Claro PJ, Mattila VM, Rimpelä AH.","BMC Public Health. 2024 Apr 26;24(1):1178. doi: 10.1186/s12889-024-18668-7.","Koivusilta LK","BMC Public Health","2024","2024/04/26","PMC11055384","","10.1186/s12889-024-18668-7"
"15709846","Socioeconomic status and mental illness: tests of the social causation and selection hypotheses","Hudson CG.","Am J Orthopsychiatry. 2005 Jan;75(1):3-18. doi: 10.1037/0002-9432.75.1.3.","Hudson CG","Am J Orthopsychiatry","2005","2005/02/16","","","10.1037/0002-9432.75.1.3"
"1546291","Socioeconomic status and psychiatric disorders: the causation-selection issue","Dohrenwend BP, Levav I, Shrout PE, Schwartz S, Naveh G, Link BG, Skodol AE, Stueve A.","Science. 1992 Feb 21;255(5047):946-52. doi: 10.1126/science.1546291.","Dohrenwend BP","Science","1992","1992/02/21","","","10.1126/science.1546291"
"25873180","Epilepsy and deprivation, a data linkage study","Pickrell WO, Lacey AS, Bodger OG, Demmler JC, Thomas RH, Lyons RA, Smith PE, Rees MI, Kerr MP.","Epilepsia. 2015 Apr;56(4):585-91. doi: 10.1111/epi.12942. Epub 2015 Mar 2.","Pickrell WO","Epilepsia","2015","2015/04/16","","","10.1111/epi.12942"
"15563647","Health disparities based on socioeconomic inequities: implications for urban health care","Fiscella K, Williams DR.","Acad Med. 2004 Dec;79(12):1139-47. doi: 10.1097/00001888-200412000-00004.","Fiscella K","Acad Med","2004","2004/11/26","","","10.1097/00001888-200412000-00004"
"1765630","Mental health, social relations, and social selection: a longitudinal analysis","Johnson TP.","J Health Soc Behav. 1991 Dec;32(4):408-23.","Johnson TP","J Health Soc Behav","1991","1991/12/01","","",""
"14559956","Relationships between poverty and psychopathology: a natural experiment","Costello EJ, Compton SN, Keeler G, Angold A.","JAMA. 2003 Oct 15;290(15):2023-9. doi: 10.1001/jama.290.15.2023.","Costello EJ","JAMA","2003","2003/10/16","","","10.1001/jama.290.15.2023"
"32338236","Healthy nutrition in Germany: a survey analysis of social causes, obesity and socioeconomic status","Mader S, Rubach M, Schaecke W, Röger C, Feldhoffer I, Thalmeier EM.","Public Health Nutr. 2020 Aug;23(12):2109-2123. doi: 10.1017/S1368980019004877. Epub 2020 Apr 27.","Mader S","Public Health Nutr","2020","2020/04/28","PMC10200647","","10.1017/S1368980019004877"
"39008957","A Reciprocal Relationship between Formal and Informal Social Engagement and Handgrip Strength of Older Adults in South Korea","Son J, Sung P.","Gerontology. 2024;70(10):1088-1102. doi: 10.1159/000540344. Epub 2024 Jul 18.","Son J","Gerontology","2024","2024/07/15","PMC11493374","","10.1159/000540344"
"35861287","Housing cost burden and material hardship among older adults: How do they influence psychological health?","Park GR, Seo BK.","Int J Geriatr Psychiatry. 2022 Aug;37(8). doi: 10.1002/gps.5790.","Park GR","Int J Geriatr Psychiatry","2022","2022/07/21","","","10.1002/gps.5790"
"29143889","Beyond Pathologizing Harm: Understanding PTSD in the Context of War Experience","Benner P, Halpern J, Gordon DR, Popell CL, Kelley PW.","J Med Humanit. 2018 Mar;39(1):45-72. doi: 10.1007/s10912-017-9484-y.","Benner P","J Med Humanit","2018","2017/11/17","","","10.1007/s10912-017-9484-y"
"20676350","Socioeconomic Status, Family Processes, and Individual Development","Conger RD, Conger KJ, Martin MJ.","J Marriage Fam. 2010 Jun;72(3):685-704. doi: 10.1111/j.1741-3737.2010.00725.x.","Conger RD","J Marriage Fam","2010","2010/08/03","PMC2910915","NIHMS172563","10.1111/j.1741-3737.2010.00725.x"
"26761376","Socioeconomic inequality in health in the British household panel: Tests of the social causation, health selection and the indirect selection hypothesis using dynamic fixed effects panel models","Foverskov E, Holm A.","Soc Sci Med. 2016 Feb;150:172-83. doi: 10.1016/j.socscimed.2015.12.021. Epub 2015 Dec 15.","Foverskov E","Soc Sci Med","2016","2016/01/14","","","10.1016/j.socscimed.2015.12.021"
"29273630","Associations between neighbourhood characteristics and depression: a twin study","Cohen-Cline H, Beresford SAA, Barrington WE, Matsueda RL, Wakefield J, Duncan GE.","J Epidemiol Community Health. 2018 Mar;72(3):202-207. doi: 10.1136/jech-2017-209453. Epub 2017 Dec 22.","Cohen-Cline H","J Epidemiol Community Health","2018","2017/12/24","PMC6007871","NIHMS949469","10.1136/jech-2017-209453"
"28088618","Modelling possible causality in the associations between unemployment, cannabis use, and alcohol misuse","Boden JM, Lee JO, Horwood LJ, Grest CV, McLeod GF.","Soc Sci Med. 2017 Feb;175:127-134. doi: 10.1016/j.socscimed.2017.01.001. Epub 2017 Jan 3.","Boden JM","Soc Sci Med","2017","2017/01/16","","","10.1016/j.socscimed.2017.01.001"
"9572613","Gender, social mobility and psychiatric diagnoses","Timms D.","Soc Sci Med. 1998 May;46(9):1235-47. doi: 10.1016/s0277-9536(97)10052-1.","Timms D","Soc Sci Med","1998","1998/05/08","","","10.1016/s0277-9536(97)10052-1"
"11420798","Health-related mobility, health inequalities and gradient constraint. Discussion and results from a Norwegian study","Elstad JI.","Eur J Public Health. 2001 Jun;11(2):135-40. doi: 10.1093/eurpub/11.2.135.","Elstad JI","Eur J Public Health","2001","2001/06/26","","","10.1093/eurpub/11.2.135"
"42200045","Social support and post-traumatic stress symptoms: Longitudinal bidirectional relationships in the AURORA study","Santos JL, van Rooij SJ, House SL, Beaudoin FL, An X, Neylan TC, Clifford GD, Jovanovic T, Linnstaedt SD, Rauch SL, Haran JP, Storrow AB, Lewandowski C, Musey PI Jr, Hendry PL, Sheikh S, Jones CW, Punches BE, Swor RA, Hudak LA, Pascual JL, Seamon MJ, Harris E, Pearson C, Peak DA, Domeier RM, Rathlev NK, O'Neil BJ, Sergot P, Sanchez LD, Bruce SE, Harte SE, Kessler RC, Koenen KC, Ressler KJ, McLean SA, Stevens JS.","J Mood Anxiety Disord. 2026 May 14;14:100180. doi: 10.1016/j.xjmad.2026.100180. eCollection 2026 Jun.","Santos JL","J Mood Anxiety Disord","2026","2026/05/27","PMC13199890","","10.1016/j.xjmad.2026.100180"
"11833983","The transition from home to nursing home mortality among people with dementia","Aneshensel CS, Pearlin LI, Levy-Storms L, Schuler RH.","J Gerontol B Psychol Sci Soc Sci. 2000 May;55(3):S152-62. doi: 10.1093/geronb/55.3.s152.","Aneshensel CS","J Gerontol B Psychol Sci Soc Sci","2000","2002/02/09","","","10.1093/geronb/55.3.s152"
"25354080","Associations between subjective social status and DSM-IV mental disorders: results from the World Mental Health surveys","Scott KM, Al-Hamzawi AO, Andrade LH, Borges G, Caldas-de-Almeida JM, Fiestas F, Gureje O, Hu C, Karam EG, Kawakami N, Lee S, Levinson D, Lim CC, Navarro-Mateu F, Okoliyski M, Posada-Villa J, Torres Y, Williams DR, Zakhozha V, Kessler RC.","JAMA Psychiatry. 2014 Dec 1;71(12):1400-8. doi: 10.1001/jamapsychiatry.2014.1337.","Scott KM","JAMA Psychiatry","2014","2014/10/30","PMC5315238","NIHMS846891","10.1001/jamapsychiatry.2014.1337"
"2024151","Inequality in health--some theoretical and empirical problems","Vågerö D.","Soc Sci Med. 1991;32(4):367-71. doi: 10.1016/0277-9536(91)90337-c.","Vågerö D","Soc Sci Med","1991","1991/01/01","","","10.1016/0277-9536(91)90337-c"
"20236567","Genetic and environmental influences on internalizing psychopathology vary as a function of economic status","South SC, Krueger RF.","Psychol Med. 2011 Jan;41(1):107-17. doi: 10.1017/S0033291710000279. Epub 2010 Mar 18.","South SC","Psychol Med","2011","2010/03/19","","","10.1017/S0033291710000279"
"35354639","Trends in the shape of the income-mortality association in Sweden between 1995 and 2017: a repeated cross-sectional population register study","Rehnberg J, Östergren O, Fors S, Fritzell J.","BMJ Open. 2022 Mar 30;12(3):e054507. doi: 10.1136/bmjopen-2021-054507.","Rehnberg J","BMJ Open","2022","2022/03/31","PMC8968639","","10.1136/bmjopen-2021-054507"
"24327671","Mental health selection and income support dynamics: multiple spell discrete-time survival analyses of welfare receipt","Kiely KM, Butterworth P.","J Epidemiol Community Health. 2014 Apr;68(4):349-55. doi: 10.1136/jech-2013-203179. Epub 2013 Dec 10.","Kiely KM","J Epidemiol Community Health","2014","2013/12/12","","","10.1136/jech-2013-203179"
"26439065","Social and economic antecedents and consequences of adolescent aggressive personality: Predictions from the interactionist model","Conger RD, Martin MJ, Masarik AS, Widaman KF, Donnellan MB.","Dev Psychopathol. 2015 Nov;27(4 Pt 1):1111-27. doi: 10.1017/S0954579415000711.","Conger RD","Dev Psychopathol","2015","2015/10/07","","","10.1017/S0954579415000711"
"31489133","Heterogeneity of posttraumatic stress symptomatology and social connectedness in treatment-seeking military veterans: a longitudinal examination","Sippel LM, Watkins LE, Pietrzak RH, Hoff R, Harpaz-Rotem I.","Eur J Psychotraumatol. 2019 Aug 9;10(1):1646091. doi: 10.1080/20008198.2019.1646091. eCollection 2019.","Sippel LM","Eur J Psychotraumatol","2019","2019/09/07","PMC6713134","","10.1080/20008198.2019.1646091"
"10750319","The role of adversity and stress in psychopathology: some evidence and its implications for theory and research","Dohrenwend BP.","J Health Soc Behav. 2000 Mar;41(1):1-19.","Dohrenwend BP","J Health Soc Behav","2000","2000/04/06","","",""
"32434862","Income, income inequality and schizophrenia in China: a population-based multilevel analysis","Ding R, Zhang L, He P, Song X, Zheng X.","J Epidemiol Community Health. 2020 Sep;74(9):719-725. doi: 10.1136/jech-2019-213049. Epub 2020 May 20.","Ding R","J Epidemiol Community Health","2020","2020/05/22","","","10.1136/jech-2019-213049"
"26568621","Neighbourhood effects in health behaviours: a test of social causation with repeat-measurement longitudinal data","Airaksinen J, Hakulinen C, Pulkki-Råback L, Lehtimäki T, Raitakari OT, Keltikangas-Järvinen L, Jokela M.","Eur J Public Health. 2016 Jun;26(3):417-21. doi: 10.1093/eurpub/ckv210. Epub 2015 Nov 14.","Airaksinen J","Eur J Public Health","2016","2015/11/17","","","10.1093/eurpub/ckv210"
"17534703","Social defeat and the culture of chronicity: or, why schizophrenia does so well over there and so badly here","Luhrmann TM.","Cult Med Psychiatry. 2007 Jun;31(2):135-72. doi: 10.1007/s11013-007-9049-z.","Luhrmann TM","Cult Med Psychiatry","2007","2007/05/31","","","10.1007/s11013-007-9049-z"
"27803025","Dynamic Longitudinal Associations Between Social Support and Cognitive Function: A Prospective Investigation of the Directionality of Associations","Liao J, Muniz-Terrera G, Head J, Brunner EJ.","J Gerontol B Psychol Sci Soc Sci. 2018 Sep 20;73(7):1233-1243. doi: 10.1093/geronb/gbw135.","Liao J","J Gerontol B Psychol Sci Soc Sci","2018","2016/11/03","PMC6146756","","10.1093/geronb/gbw135"
"1604359","Competing explanations for associations between marital status and health","Wyke S, Ford G.","Soc Sci Med. 1992 Mar;34(5):523-32. doi: 10.1016/0277-9536(92)90208-8.","Wyke S","Soc Sci Med","1992","1992/03/01","","","10.1016/0277-9536(92)90208-8"
"17066772","Of pride and prejudice: the role of sociology and social networks in integrating the health sciences","Pescosolido BA.","J Health Soc Behav. 2006 Sep;47(3):189-208. doi: 10.1177/002214650604700301.","Pescosolido BA","J Health Soc Behav","2006","2006/10/28","","","10.1177/002214650604700301"
"34146900","Increased income over time predicts better self-perceived mental health only at a population level but not for individual changes: An analysis of a longitudinal cohort using cross-lagged models","Su Y, D'Arcy C, Caron J, Meng X.","J Affect Disord. 2021 Sep 1;292:487-495. doi: 10.1016/j.jad.2021.05.118. Epub 2021 Jun 5.","Su Y","J Affect Disord","2021","2021/06/19","","","10.1016/j.jad.2021.05.118"
"29245082","Adolescent mental health and behavioural problems, and intergenerational social mobility: A decomposition of health selection effects","Anderson LR.","Soc Sci Med. 2018 Jan;197:153-160. doi: 10.1016/j.socscimed.2017.11.026. Epub 2017 Nov 20.","Anderson LR","Soc Sci Med","2018","2017/12/16","","","10.1016/j.socscimed.2017.11.026"
"31518908","Causal actions enhance perception of continuous body movements","Peng Y, Ichien N, Lu H.","Cognition. 2020 Jan;194:104060. doi: 10.1016/j.cognition.2019.104060. Epub 2019 Sep 10.","Peng Y","Cognition","2020","2019/09/14","","","10.1016/j.cognition.2019.104060"
"30532675","The reciprocal relationship between material factors and health in the life course: evidence from SHARE and ELSA","Hoffmann R, Kröger H, Pakpahan E.","Eur J Ageing. 2018 Feb 19;15(4):379-391. doi: 10.1007/s10433-018-0458-3. eCollection 2018 Dec.","Hoffmann R","Eur J Ageing","2018","2018/12/12","PMC6250643","","10.1007/s10433-018-0458-3"
"7594356","Does employment affect health?","Ross CE, Mirowsky J.","J Health Soc Behav. 1995 Sep;36(3):230-43.","Ross CE","J Health Soc Behav","1995","1995/09/01","","",""
"25260937","Are neighborhood health associations causal? A 10-year prospective cohort study with repeated measurements","Jokela M.","Am J Epidemiol. 2014 Oct 15;180(8):776-84. doi: 10.1093/aje/kwu233. Epub 2014 Sep 26.","Jokela M","Am J Epidemiol","2014","2014/09/28","","","10.1093/aje/kwu233"
"30555185","Pathways of Health and Human Capital from Adolescence into Young Adulthood","Kane JB, Harris KM, Morgan SP, Guilkey DK.","Soc Forces. 2018 Mar;96(3):949-976. doi: 10.1093/sf/sox079. Epub 2017 Dec 8.","Kane JB","Soc Forces","2018","2018/12/18","PMC6292443","NIHMS972178","10.1093/sf/sox079"
"41088573","Suicide risk among low-income household members suffering from depression: A population-based retrospective cohort study","Sung C, Chung CH, Sun CA, Tsao CH, Ng DY, Weng TH, Fann LY, Lin FH, Chien WC.","Medicine (Baltimore). 2025 Oct 10;104(41):e44953. doi: 10.1097/MD.0000000000044953.","Sung C","Medicine (Baltimore)","2025","2025/10/15","PMC12517877","","10.1097/MD.0000000000044953"
"14968484","[Socioeconomic inequalities and mental health. II. Methodological aspects and literature review]","Tello JE, Bonizzato P.","Epidemiol Psichiatr Soc. 2003 Oct-Dec;12(4):253-71. doi: 10.1017/s1121189x00003079.","Tello JE","Epidemiol Psichiatr Soc","2003","2004/02/19","","","10.1017/s1121189x00003079"
"23596343","Socioeconomic Status and Health across the Life Course: A Test of the Social Causation and Health Selection Hypotheses","Warren JR.","Soc Forces. 2009;87(4):2125-2153. doi: 10.1353/sof.0.0219.","Warren JR","Soc Forces","2009","2013/04/19","PMC3626501","NIHMS354001","10.1353/sof.0.0219"
"20576188","Evaluation of the interactionist model of socioeconomic status and problem behavior: a developmental cascade across generations","Martin MJ, Conger RD, Schofield TJ, Dogan SJ, Widaman KF, Donnellan MB, Neppl TK.","Dev Psychopathol. 2010 Aug;22(3):695-713. doi: 10.1017/S0954579410000374.","Martin MJ","Dev Psychopathol","2010","2010/06/26","PMC2892802","NIHMS172567","10.1017/S0954579410000374"
"36761862","Lived experiences matter: The role of mental health professionals' psychological crises and vulnerability in shaping their health beliefs and concepts","Ponew A, Brieger A, Lust C, Speerforck S, von Peter S, Stuetzle S.","Front Psychiatry. 2023 Jan 25;14:1114274. doi: 10.3389/fpsyt.2023.1114274. eCollection 2023.","Ponew A","Front Psychiatry","2023","2023/02/10","PMC9905638","","10.3389/fpsyt.2023.1114274"
"32249120","Area deprivation, urbanicity, severe mental illness and social drift - A population-based linkage study using routinely collected primary and secondary care data","Lee SC, DelPozo-Banos M, Lloyd K, Jones I, Walters JTR, Owen MJ, O'Donovan M, John A.","Schizophr Res. 2020 Jun;220:130-140. doi: 10.1016/j.schres.2020.03.044. Epub 2020 Apr 2.","Lee SC","Schizophr Res","2020","2020/04/07","","","10.1016/j.schres.2020.03.044"
"31095637","Social selection in historical time: The case of tuberculosis in South Korea after the East Asian financial crisis","Choi H, Chung H, Muntaner C.","PLoS One. 2019 May 16;14(5):e0217055. doi: 10.1371/journal.pone.0217055. eCollection 2019.","Choi H","PLoS One","2019","2019/05/17","PMC6522038","","10.1371/journal.pone.0217055"
"33621711","The relationship between socioeconomic status and depression among the older adults: The mediating role of health promoting lifestyle","Xue Y, Lu J, Zheng X, Zhang J, Lin H, Qin Z, Zhang C.","J Affect Disord. 2021 Apr 15;285:22-28. doi: 10.1016/j.jad.2021.01.085. Epub 2021 Feb 5.","Xue Y","J Affect Disord","2021","2021/02/23","","","10.1016/j.jad.2021.01.085"
"40757633","Parental income and psychiatric disorders from age 10 to 40: a genetically informative population study","Sunde HF, Eilertsen EM, Kinge JM, Kleppesto TH, Nordmo M, Caspi A, Moffitt TE, Torvik FA.","J Child Psychol Psychiatry. 2026 Jan;67(1):115-126. doi: 10.1111/jcpp.70022. Epub 2025 Aug 4.","Sunde HF","J Child Psychol Psychiatry","2026","2025/08/04","PMC13051377","NIHMS2157229","10.1111/jcpp.70022"
"28898545","Attitudes towards mental illness among medical students in China: Impact of medical education on stigma","Zhu Y, Zhang H, Yang G, Hu X, Liu Z, Guo N, He H, Sun B, Rosenheck R.","Asia Pac Psychiatry. 2018 Jun;10(2):e12294. doi: 10.1111/appy.12294. Epub 2017 Sep 12.","Zhu Y","Asia Pac Psychiatry","2018","2017/09/13","","","10.1111/appy.12294"
"31907012","Sick leave absence and the relationship between intra-generational social mobility and mortality: health selection in Sweden","Billingsley S.","BMC Public Health. 2020 Jan 6;20(1):8. doi: 10.1186/s12889-019-8103-4.","Billingsley S","BMC Public Health","2020","2020/01/08","PMC6945420","","10.1186/s12889-019-8103-4"
"29351601","What causes health inequality? A systematic review on the relative importance of social causation and health selection","","Eur J Public Health. 2018 Apr 1;28(2):382. doi: 10.1093/eurpub/ckx238.","","Eur J Public Health","2018","2018/01/20","","","10.1093/eurpub/ckx238"
"27056893","What causes health inequality? A systematic review on the relative importance of social causation and health selection","","Eur J Public Health. 2018 Apr 1;28(2):382. doi: 10.1093/eurpub/ckw014.","","Eur J Public Health","2018","2016/04/09","","","10.1093/eurpub/ckw014"
"34068750","The Reciprocal Relationship between Socioeconomic Status and Health and the Influence of Sex: A European SHARE-Analysis Based on Structural Equation Modeling","Ahrenfeldt LJ, Möller S.","Int J Environ Res Public Health. 2021 May 10;18(9):5045. doi: 10.3390/ijerph18095045.","Ahrenfeldt LJ","Int J Environ Res Public Health","2021","2021/06/02","PMC8126237","","10.3390/ijerph18095045"
"30099267","Child maltreatment, psychopathological symptoms, and onset of diabetes mellitus, hypothyroidism and COPD in adulthood","Sheikh MA.","J Affect Disord. 2018 Dec 1;241:80-85. doi: 10.1016/j.jad.2018.07.085. Epub 2018 Aug 1.","Sheikh MA","J Affect Disord","2018","2018/08/13","","","10.1016/j.jad.2018.07.085"
"34230683","Suicidal behaviour and the coronavirus (COVID-19) pandemic: Insights from Durkheim's sociology of suicide","Khan AR, Shimul SMAK, Arendse N.","Int Soc Sci J. 2021 Nov;71(Suppl 1):7-21. doi: 10.1111/issj.12269. Epub 2021 Apr 1.","Khan AR","Int Soc Sci J","2021","2021/07/07","PMC8251145","","10.1111/issj.12269"
"16392987","Explaining the link between low socioeconomic status and psychopathology: testing two mechanisms of the social causation hypothesis","Wadsworth ME, Achenbach TM.","J Consult Clin Psychol. 2005 Dec;73(6):1146-53. doi: 10.1037/0022-006X.73.6.1146.","Wadsworth ME","J Consult Clin Psychol","2005","2006/01/06","","","10.1037/0022-006X.73.6.1146"
"27163339","A Longitudinal Study of the Bidirectional Relationship Between Social Support and Posttraumatic Stress Following a Natural Disaster","Platt JM, Lowe SR, Galea S, Norris FH, Koenen KC.","J Trauma Stress. 2016 Jun;29(3):205-13. doi: 10.1002/jts.22092. Epub 2016 May 10.","Platt JM","J Trauma Stress","2016","2016/05/11","PMC5800398","NIHMS937472","10.1002/jts.22092"
"12385483","Mental health and welfare transitions: depression and alcohol abuse in AFDC women","Dooley D, Prause J.","Am J Community Psychol. 2002 Dec;30(6):787-813. doi: 10.1023/A:1020253002468.","Dooley D","Am J Community Psychol","2002","2002/10/19","","","10.1023/A:1020253002468"
"15572739","Socio-economic differentials in mental disorders and suicide attempts in Australia","Taylor R, Page A, Morrell S, Carter G, Harrison J.","Br J Psychiatry. 2004 Dec;185:486-93. doi: 10.1192/bjp.185.6.486.","Taylor R","Br J Psychiatry","2004","2004/12/02","","","10.1192/bjp.185.6.486"
"26046725","The contribution of pre- and postdisaster social support to short- and long-term mental health after Hurricanes Katrina: A longitudinal study of low-income survivors","Chan CS, Lowe SR, Weber E, Rhodes JE.","Soc Sci Med. 2015 Aug;138:38-43. doi: 10.1016/j.socscimed.2015.05.037. Epub 2015 May 23.","Chan CS","Soc Sci Med","2015","2015/06/06","","","10.1016/j.socscimed.2015.05.037"
"24254919","The relationship between social class and mental disorder","Perry MJ.","J Prim Prev. 1996 Sep;17(1):17-30. doi: 10.1007/BF02262736.","Perry MJ","J Prim Prev","1996","2013/11/21","","","10.1007/BF02262736"
"40306197","Widening disparities in all-cause and despair-related mortality among Swedish youths: Disentangling selection and causation","Högberg B, Scarpa S.","Soc Sci Med. 2025 Jul;377:118130. doi: 10.1016/j.socscimed.2025.118130. Epub 2025 Apr 26.","Högberg B","Soc Sci Med","2025","2025/04/30","","","10.1016/j.socscimed.2025.118130"
"32321452","Baseline income, follow-up income, income mobility and their roles in mental disorders: a longitudinal intra-generational community-based study","Meng X, Liu A, D'Arcy C, Caron J.","BMC Psychiatry. 2020 Apr 22;20(1):181. doi: 10.1186/s12888-020-02578-0.","Meng X","BMC Psychiatry","2020","2020/04/24","PMC7178939","","10.1186/s12888-020-02578-0"
"16251587","Controlling disease and creating disparities: a fundamental cause perspective","Phelan JC, Link BG.","J Gerontol B Psychol Sci Soc Sci. 2005 Oct;60 Spec No 2:27-33. doi: 10.1093/geronb/60.special_issue_2.s27.","Phelan JC","J Gerontol B Psychol Sci Soc Sci","2005","2005/10/28","","","10.1093/geronb/60.special_issue_2.s27"
"21395164","[The social statistics in the public health study]","Medik VA, Osipov AM.","Probl Sotsialnoi Gig Zdravookhranenniiai Istor Med. 2010 Nov-Dec;(6):7-11.","Medik VA","Probl Sotsialnoi Gig Zdravookhranenniiai Istor Med","2010","2011/03/15","","",""
"12878101","Socio-economic adversity and psychosocial adjustment: a developmental-contextual perspective","Schoon I, Sacker A, Bartley M.","Soc Sci Med. 2003 Sep;57(6):1001-15. doi: 10.1016/s0277-9536(02)00475-6.","Schoon I","Soc Sci Med","2003","2003/07/25","","","10.1016/s0277-9536(02)00475-6"
"31684937","Health and educational aspirations in adolescence: a longitudinal study in Finland","Dobewall H, Lindfors P, Karvonen S, Koivusilta L, Vainikainen MP, Hotulainen R, Rimpelä A.","BMC Public Health. 2019 Nov 4;19(1):1447. doi: 10.1186/s12889-019-7824-8.","Dobewall H","BMC Public Health","2019","2019/11/06","PMC6829805","","10.1186/s12889-019-7824-8"
"28805174","Socioeconomic position and depression in South African adults with long-term health conditions: a longitudinal study of causal pathways","Elwell-Sutton T, Folb N, Clark A, Fairall LR, Lund C, Bachmann MO.","Epidemiol Psychiatr Sci. 2019 Apr;28(2):199-209. doi: 10.1017/S2045796017000427. Epub 2017 Aug 14.","Elwell-Sutton T","Epidemiol Psychiatr Sci","2019","2017/08/15","PMC6998924","","10.1017/S2045796017000427"
"33304984","Educational differences in prenatal anxiety and depressive symptoms and the role of childhood circumstances","Kotimäki S, Härkönen J, Karlsson L, Karlsson H, Scheinin NM.","SSM Popul Health. 2020 Nov 10;12:100690. doi: 10.1016/j.ssmph.2020.100690. eCollection 2020 Dec.","Kotimäki S","SSM Popul Health","2020","2020/12/11","PMC7708856","","10.1016/j.ssmph.2020.100690"
"27550506","The development of healthcare use among a cohort of Finnish social assistance clients: testing the social selection hypothesis","Vaalavuo M.","Sociol Health Illn. 2016 Nov;38(8):1272-1286. doi: 10.1111/1467-9566.12458. Epub 2016 Aug 23.","Vaalavuo M","Sociol Health Illn","2016","2016/08/24","","","10.1111/1467-9566.12458"
"23927513","Integrating social science and behavioral genetics: testing the origin of socioeconomic disparities in depression using a genetically informed design","Mezuk B, Myers JM, Kendler KS.","Am J Public Health. 2013 Oct;103 Suppl 1(Suppl 1):S145-51. doi: 10.2105/AJPH.2013.301247. Epub 2013 Aug 8.","Mezuk B","Am J Public Health","2013","2013/08/10","PMC3786755","NIHMS595751","10.2105/AJPH.2013.301247"
"25550327","Self-esteem and fear of negative evaluation as mediators between family socioeconomic status and social anxiety in Chinese emerging adults","Cheng G, Zhang D, Ding F.","Int J Soc Psychiatry. 2015 Sep;61(6):569-76. doi: 10.1177/0020764014565405. Epub 2014 Dec 29.","Cheng G","Int J Soc Psychiatry","2015","2015/01/01","","","10.1177/0020764014565405"
"26792614","The emergence of health inequalities in early adulthood: evidence on timing and mechanisms from a West of Scotland cohort","Sweeting H, Green M, Benzeval M, West P.","BMC Public Health. 2016 Jan 21;16:41. doi: 10.1186/s12889-015-2674-5.","Sweeting H","BMC Public Health","2016","2016/01/22","PMC4721047","","10.1186/s12889-015-2674-5"
"25527210","Shifting from policy relevance to policy translation: do housing and neighborhoods affect children's mental health?","Osypuk TL.","Soc Psychiatry Psychiatr Epidemiol. 2015 Feb;50(2):215-7. doi: 10.1007/s00127-014-0998-6. Epub 2014 Dec 20.","Osypuk TL","Soc Psychiatry Psychiatr Epidemiol","2015","2014/12/21","PMC5082417","NIHMS821255","10.1007/s00127-014-0998-6"
"22989491","Realist randomised controlled trials: a new approach to evaluating complex public health interventions","Bonell C, Fletcher A, Morton M, Lorenc T, Moore L.","Soc Sci Med. 2012 Dec;75(12):2299-306. doi: 10.1016/j.socscimed.2012.08.032. Epub 2012 Sep 7.","Bonell C","Soc Sci Med","2012","2012/09/20","","","10.1016/j.socscimed.2012.08.032"
"8051659","Psychiatric epidemiology: facts and myths on mental health and illness","Betemps EJ, Ragiel C.","J Psychosoc Nurs Ment Health Serv. 1994 May;32(5):23-8. doi: 10.3928/0279-3695-19940501-10.","Betemps EJ","J Psychosoc Nurs Ment Health Serv","1994","1994/05/01","","","10.3928/0279-3695-19940501-10"
"25880080","Mental distress predicts divorce over 16 years: the HUNT study","Idstad M, Torvik FA, Borren I, Rognmo K, Røysamb E, Tambs K.","BMC Public Health. 2015 Apr 1;15:320. doi: 10.1186/s12889-015-1662-0.","Idstad M","BMC Public Health","2015","2015/04/17","PMC4394420","","10.1186/s12889-015-1662-0"
"23047072","Intragenerational mobility and mortality in Russia: short and longer-term effects","Billingsley S.","Soc Sci Med. 2012 Dec;75(12):2326-36. doi: 10.1016/j.socscimed.2012.09.003. Epub 2012 Sep 18.","Billingsley S","Soc Sci Med","2012","2012/10/11","","","10.1016/j.socscimed.2012.09.003"
"15980287","The interplay between life stressors and depressive symptoms among older adults","Moos RH, Schutte KK, Brennan PL, Moos BS.","J Gerontol B Psychol Sci Soc Sci. 2005 Jul;60(4):P199-206. doi: 10.1093/geronb/60.4.p199.","Moos RH","J Gerontol B Psychol Sci Soc Sci","2005","2005/06/28","","","10.1093/geronb/60.4.p199"
"32813024","Mental health and academic performance: a study on selection and causation effects from childhood to early adulthood","Agnafors S, Barmark M, Sydsjö G.","Soc Psychiatry Psychiatr Epidemiol. 2021 May;56(5):857-866. doi: 10.1007/s00127-020-01934-5. Epub 2020 Aug 19.","Agnafors S","Soc Psychiatry Psychiatr Epidemiol","2021","2020/08/20","PMC8068628","","10.1007/s00127-020-01934-5"
"24481125","Childhood oral health and SES predictors of caries in 30-year-olds","Brennan DS, Spencer AJ.","Caries Res. 2014;48(3):237-43. doi: 10.1159/000354044. Epub 2014 Jan 29.","Brennan DS","Caries Res","2014","2014/02/01","","","10.1159/000354044"
"41722308","Urban-rural differences in the longitudinal reciprocal relationship between assets and health among Chinese older adults","Guo S, Yue J, Li X, Lee SR.","Soc Sci Med. 2026 May;396:119110. doi: 10.1016/j.socscimed.2026.119110. Epub 2026 Feb 18.","Guo S","Soc Sci Med","2026","2026/02/21","","","10.1016/j.socscimed.2026.119110"
"16633546","The public mental health significance of research on socio-economic factors in schizophrenia and major depression","Saraceno B, Levav I, Kohn R.","World Psychiatry. 2005 Oct;4(3):181-5.","Saraceno B","World Psychiatry","2005","2006/04/25","PMC1414773","",""
"25878354","Does neighbourhood deprivation cause poor health? Within-individual analysis of movers in a prospective cohort study","Jokela M.","J Epidemiol Community Health. 2015 Sep;69(9):899-904. doi: 10.1136/jech-2014-204513. Epub 2015 Apr 15.","Jokela M","J Epidemiol Community Health","2015","2015/04/17","","","10.1136/jech-2014-204513"
"26458894","Depressive symptoms as a cause and effect of job loss in men and women: evidence in the context of organisational downsizing from the Swedish Longitudinal Occupational Survey of Health","Andreeva E, Magnusson Hanson LL, Westerlund H, Theorell T, Brenner MH.","BMC Public Health. 2015 Oct 12;15:1045. doi: 10.1186/s12889-015-2377-y.","Andreeva E","BMC Public Health","2015","2015/10/14","PMC4603822","","10.1186/s12889-015-2377-y"
"23887930","Is working later in life good or bad for health? An investigation of multiple health outcomes","Wickrama KK, O'Neal CW, Kwag KH, Lee TK.","J Gerontol B Psychol Sci Soc Sci. 2013 Sep;68(5):807-15. doi: 10.1093/geronb/gbt069. Epub 2013 Jul 25.","Wickrama KK","J Gerontol B Psychol Sci Soc Sci","2013","2013/07/27","PMC3744046","","10.1093/geronb/gbt069"
"20584741","Influence of early life factors on social inequalities in psychiatric outcomes among young adult Norwegian men","Kristensen P, Gravseth HM, Bjerkedal T.","Eur J Public Health. 2010 Oct;20(5):517-23. doi: 10.1093/eurpub/ckq083. Epub 2010 Jun 27.","Kristensen P","Eur J Public Health","2010","2010/06/30","PMC2943509","","10.1093/eurpub/ckq083"
"8742677","Migraine headache in a prepaid health plan: ascertainment, demographics, physiological, and behavioral factors","Stang P, Sternfeld B, Sidney S.","Headache. 1996 Feb;36(2):69-76. doi: 10.1046/j.1526-4610.1996.3602069.x.","Stang P","Headache","1996","1996/02/01","","","10.1046/j.1526-4610.1996.3602069.x"
"21291427","Intergenerational transmission of adaptive functioning: a test of the interactionist model of SES and human development","Schofield TJ, Martin MJ, Conger KJ, Neppl TM, Donnellan MB, Conger RD.","Child Dev. 2011 Jan-Feb;82(1):33-47. doi: 10.1111/j.1467-8624.2010.01539.x.","Schofield TJ","Child Dev","2011","2011/02/05","PMC3058312","NIHMS159351","10.1111/j.1467-8624.2010.01539.x"
"12909417","How do we make health impact assessment fit for purpose?","Joffe M.","Public Health. 2003 Sep;117(5):301-4. doi: 10.1016/S0033-3506(03)00102-1.","Joffe M","Public Health","2003","2003/08/12","","","10.1016/S0033-3506(03)00102-1"
"29619285","Marital Dissolution and Major Depression in Midlife: A Propensity Score Analysis","Sbarra DA, Emery RE, Beam CR, Ocker BL.","Clin Psychol Sci. 2014 May;2(3):249-257. doi: 10.1177/2167702613498727. Epub 2013 Aug 13.","Sbarra DA","Clin Psychol Sci","2014","2018/04/06","PMC5880534","NIHMS929785","10.1177/2167702613498727"
"22897226","Binge drinking--a predictor for or a consequence of unemployment?","Backhans MC, Lundin A, Hemmingsson T.","Alcohol Clin Exp Res. 2012 Nov;36(11):1983-90. doi: 10.1111/j.1530-0277.2012.01822.x. Epub 2012 Aug 15.","Backhans MC","Alcohol Clin Exp Res","2012","2012/08/18","","","10.1111/j.1530-0277.2012.01822.x"
"15861620","The relationship between social anxiety and social support in adolescents: a test of competing causal models","Calsyn RJ, Winter JP, Burger GK.","Adolescence. 2005 Spring;40(157):103-13.","Calsyn RJ","Adolescence","2005","2005/05/03","","",""
"33540429","[Material Deprivation and Subjective Health: A Longitudinal Analysis of Data from the German Socio-Economic Panel (2001-2015)]","Linder S, Seifert N, Rapp I.","Gesundheitswesen. 2022 Jan;84(1):52-59. doi: 10.1055/a-1330-7929. Epub 2021 Feb 4.","Linder S","Gesundheitswesen","2022","2021/02/04","","","10.1055/a-1330-7929"
"31592177","Does Increasing Women's Education Reduce Their Risk of Intimate Partner Violence? Evidence from an Education Policy Reform","Weitzman A.","Criminology. 2018 Aug;56(3):574-607. doi: 10.1111/1745-9125.12181. Epub 2018 Jun 25.","Weitzman A","Criminology","2018","2019/10/09","PMC6779421","NIHMS1004952","10.1111/1745-9125.12181"
"17606878","Migraine in adolescents: association with socioeconomic status and family history","Bigal ME, Lipton RB, Winner P, Reed ML, Diamond S, Stewart WF; AMPP advisory group.","Neurology. 2007 Jul 3;69(1):16-25. doi: 10.1212/01.wnl.0000265212.90735.64.","Bigal ME","Neurology","2007","2007/07/04","","","10.1212/01.wnl.0000265212.90735.64"
"26685196","Moving on: How depressive symptoms, social support, and health behaviors predict residential mobility","Airaksinen J, Hakulinen C, Elovainio M, Pulkki-Råback L, Lehtimäki T, Raitakari OT, Keltikangas-Järvinen L, Jokela M.","Scand J Public Health. 2016 Jun;44(4):394-401. doi: 10.1177/1403494815622850. Epub 2015 Dec 18.","Airaksinen J","Scand J Public Health","2016","2015/12/20","","","10.1177/1403494815622850"
"16025192","Socioeconomic status as a cause and consequence of psychosomatic symptoms from adolescence to adulthood","Huurre T, Rahkonen O, Komulainen E, Aro H.","Soc Psychiatry Psychiatr Epidemiol. 2005 Jul;40(7):580-7. doi: 10.1007/s00127-005-0930-1. Epub 2005 Jul 15.","Huurre T","Soc Psychiatry Psychiatr Epidemiol","2005","2005/07/19","","","10.1007/s00127-005-0930-1"
"29665802","An observational study of immigrant mortality differences in Norway by reason for migration, length of stay and characteristics of sending countries","Syse A, Dzamarija MT, Kumar BN, Diaz E.","BMC Public Health. 2018 Apr 17;18(1):508. doi: 10.1186/s12889-018-5435-4.","Syse A","BMC Public Health","2018","2018/04/19","PMC5905163","","10.1186/s12889-018-5435-4"
"11949195","Causal connections between socio-economic status and health: reciprocal effects and mediating mechanisms","Mulatu MS, Schooler C.","J Health Soc Behav. 2002 Mar;43(1):22-41.","Mulatu MS","J Health Soc Behav","2002","2002/04/16","","",""
"19854515","The social contexts of depression during motherhood: a study of Explanatory Models in Vietnam","Niemi ME, Falkenberg T, Nguyen MT, Nguyen MT, Patel V, Faxelid E.","J Affect Disord. 2010 Jul;124(1-2):29-37. doi: 10.1016/j.jad.2009.09.017. Epub 2009 Oct 24.","Niemi ME","J Affect Disord","2010","2009/10/27","","","10.1016/j.jad.2009.09.017"
"23181685","Linking perceptual animacy to attention: evidence from the chasing detection paradigm","Meyerhoff HS, Huff M, Schwan S.","J Exp Psychol Hum Percept Perform. 2013 Aug;39(4):1003-15. doi: 10.1037/a0030839. Epub 2012 Nov 26.","Meyerhoff HS","J Exp Psychol Hum Percept Perform","2013","2012/11/28","","","10.1037/a0030839"
"27401995","Friendship networks and psychological well-being from late adolescence to young adulthood: a gender-specific structural equation modeling approach","Miething A, Almquist YB, Östberg V, Rostila M, Edling C, Rydgren J.","BMC Psychol. 2016 Jul 11;4(1):34. doi: 10.1186/s40359-016-0143-2.","Miething A","BMC Psychol","2016","2016/07/13","PMC4940724","","10.1186/s40359-016-0143-2"
"15450704","Preventing long-term welfare receipt: the theoretical relationship between health and poverty over the early life course","Nielsen MJ, Juon HS, Ensminger M.","Soc Sci Med. 2004 Dec;59(11):2285-301. doi: 10.1016/j.socscimed.2004.03.022.","Nielsen MJ","Soc Sci Med","2004","2004/09/29","","","10.1016/j.socscimed.2004.03.022"
"14529077","The ethnic density effect: results from a national community survey of England and Wales","Halpern D, Nazroo J.","Int J Soc Psychiatry. 2000 Spring;46(1):34-46. doi: 10.1177/002076400004600105.","Halpern D","Int J Soc Psychiatry","2000","2003/10/08","","","10.1177/002076400004600105"
"22800920","The role of defamilialization in the relationship between partnership and self-rated health: a cross-national comparison of Canada and the United States","Clouston SA, Quesnel-Vallée A.","Soc Sci Med. 2012 Oct;75(8):1342-50. doi: 10.1016/j.socscimed.2012.05.034. Epub 2012 Jul 3.","Clouston SA","Soc Sci Med","2012","2012/07/18","PMC3762745","CAMS3267","10.1016/j.socscimed.2012.05.034"
"17184421","Taking sociology seriously: a new approach to the bioethical problems of infectious disease","Tausig M, Selgelid MJ, Subedi S, Subedi J.","Sociol Health Illn. 2006 Sep;28(6):838-49. doi: 10.1111/j.1467-9566.2006.00545.x.","Tausig M","Sociol Health Illn","2006","2006/12/23","","","10.1111/j.1467-9566.2006.00545.x"
"15276221","The interplay between help-seeking and alcohol-related outcomes: divergent processes for professional treatment and self-help groups","Moos RH, Moos BS.","Drug Alcohol Depend. 2004 Aug 16;75(2):155-64. doi: 10.1016/j.drugalcdep.2004.01.016.","Moos RH","Drug Alcohol Depend","2004","2004/07/28","","","10.1016/j.drugalcdep.2004.01.016"
"20383489","Repeated exposure to socioeconomic disadvantage and health selection as life course pathways to mid-life depressive and anxiety disorders","Stansfeld SA, Clark C, Rodgers B, Caldwell T, Power C.","Soc Psychiatry Psychiatr Epidemiol. 2011 Jul;46(7):549-58. doi: 10.1007/s00127-010-0221-3. Epub 2010 Apr 11.","Stansfeld SA","Soc Psychiatry Psychiatr Epidemiol","2011","2010/04/13","PMC3112323","","10.1007/s00127-010-0221-3"
"29883925","Coloring of the past via respondent's current psychological state, mediation, and the association between childhood disadvantage and morbidity in adulthood","Sheikh MA.","J Psychiatr Res. 2018 Aug;103:173-181. doi: 10.1016/j.jpsychires.2018.05.027. Epub 2018 May 31.","Sheikh MA","J Psychiatr Res","2018","2018/06/09","","","10.1016/j.jpsychires.2018.05.027"
"11668771","The role of sociology in the study of mental health ... and the role of mental health in the study of sociology","Wheaton B.","J Health Soc Behav. 2001 Sep;42(3):221-34.","Wheaton B","J Health Soc Behav","2001","2001/10/24","","",""
"15571891","Maternal education and adolescent drug use: a longitudinal analysis of causation and selection over a generation","Miech R, Chilcoat H.","Soc Sci Med. 2005 Feb;60(4):725-35. doi: 10.1016/j.socscimed.2004.06.025.","Miech R","Soc Sci Med","2005","2004/12/02","","","10.1016/j.socscimed.2004.06.025"
"40913204","Food insecurity and postnatal depression: the mediating effect of perceived social support among women in Khayelitsha, South Africa","Mathew S, Lund C, Seward N.","Soc Psychiatry Psychiatr Epidemiol. 2026 Feb;61(2):381-390. doi: 10.1007/s00127-025-02986-1. Epub 2025 Sep 5.","Mathew S","Soc Psychiatry Psychiatr Epidemiol","2026","2025/09/05","PMC12948881","","10.1007/s00127-025-02986-1"
"18080647","Common mental disorders among Arab-Israelis: findings from the Israel National Health Survey","Levav I, Al-Krenawi A, Ifrah A, Geraisy N, Grinshpoon A, Khwaled R, Levinson D.","Isr J Psychiatry Relat Sci. 2007;44(2):104-13.","Levav I","Isr J Psychiatry Relat Sci","2007","2007/12/18","","",""
"29471180","Linking financial hardship throughout the life-course with psychological distress in old age: Sensitive period, accumulation of risks, and chain of risks hypotheses","Darin-Mattsson A, Andel R, Celeste RK, Kåreholt I.","Soc Sci Med. 2018 Mar;201:111-119. doi: 10.1016/j.socscimed.2018.02.012. Epub 2018 Feb 17.","Darin-Mattsson A","Soc Sci Med","2018","2018/02/23","","","10.1016/j.socscimed.2018.02.012"
"12406466","Childhood and adulthood risk factors for socio-economic differentials in psychological distress: evidence from the 1958 British birth cohort","Power C, Stansfeld SA, Matthews S, Manor O, Hope S.","Soc Sci Med. 2002 Dec;55(11):1989-2004. doi: 10.1016/s0277-9536(01)00325-2.","Power C","Soc Sci Med","2002","2002/10/31","","","10.1016/s0277-9536(01)00325-2"
"18513809","Health and wealth of elderly couples: causality tests using dynamic panel data models","Michaud PC, van Soest A.","J Health Econ. 2008 Sep;27(5):1312-25. doi: 10.1016/j.jhealeco.2008.04.002. Epub 2008 Apr 16.","Michaud PC","J Health Econ","2008","2008/06/03","PMC2867362","NIHMS191414","10.1016/j.jhealeco.2008.04.002"
"29025841","Neighbourhood characteristics and mental disorders in three Chinese cities: multilevel models from the World Mental Health Surveys","Chiavegatto Filho ADP, Sampson L, Martins SS, Yu S, Huang Y, He Y, Lee S, Hu C, Zaslavsky A, Kessler RC, Galea S.","BMJ Open. 2017 Oct 11;7(10):e017679. doi: 10.1136/bmjopen-2017-017679.","Chiavegatto Filho ADP","BMJ Open","2017","2017/10/14","PMC5652513","","10.1136/bmjopen-2017-017679"
"1571308","Possible effects of the popular and medical recognition of bulimia nervosa","Habermas T.","Br J Med Psychol. 1992 Mar;65(1):59-66. doi: 10.1111/j.2044-8341.1992.tb01684.x.","Habermas T","Br J Med Psychol","1992","1992/03/01","","","10.1111/j.2044-8341.1992.tb01684.x"
"2309495","A causal analysis of employment and health in midlife women","Adelmann PK, Antonucci TC, Crohan SE, Coleman LM.","Women Health. 1990;16(1):5-20. doi: 10.1300/J013v16n01_02.","Adelmann PK","Women Health","1990","1990/01/01","","","10.1300/J013v16n01_02"
"22305468","Socioeconomic status and the development of depressive symptoms from childhood to adulthood: a longitudinal analysis across 27 years of follow-up in the Young Finns study","Elovainio M, Pulkki-Råback L, Jokela M, Kivimäki M, Hintsanen M, Hintsa T, Viikari J, Raitakari OT, Keltikangas-Järvinen L.","Soc Sci Med. 2012 Mar;74(6):923-9. doi: 10.1016/j.socscimed.2011.12.017. Epub 2012 Jan 21.","Elovainio M","Soc Sci Med","2012","2012/02/07","","","10.1016/j.socscimed.2011.12.017"
"42027935","The effects of subjective and objective socioeconomic status on older adults' mental health in China: a life course-based perspective","Lin Y, Cheng B, Song Y, Zhuang X.","Front Public Health. 2026 Apr 8;14:1789354. doi: 10.3389/fpubh.2026.1789354. eCollection 2026.","Lin Y","Front Public Health","2026","2026/04/24","PMC13099542","","10.3389/fpubh.2026.1789354"
"8434269","Socioeconomic status and physical health, how are they related? An empirical study based on twins reared apart and twins reared together","Lichtenstein P, Harris JR, Pedersen NL, McClearn GE.","Soc Sci Med. 1993 Feb;36(4):441-50. doi: 10.1016/0277-9536(93)90406-t.","Lichtenstein P","Soc Sci Med","1993","1993/02/01","","","10.1016/0277-9536(93)90406-t"
"23088795","Accounting for the physical and mental health benefits of entry into marriage: a genetically informed study of selection and causation","Horn EE, Xu Y, Beam CR, Turkheimer E, Emery RE.","J Fam Psychol. 2013 Feb;27(1):30-41. doi: 10.1037/a0029803. Epub 2012 Oct 22.","Horn EE","J Fam Psychol","2013","2012/10/24","PMC3645280","NIHMS456129","10.1037/a0029803"
"12090306","Effect of geographic migration on SMI prevalence estimates","Dembling BP, Rovnyak V, Mackey S, Blank M.","Ment Health Serv Res. 2002 Mar;4(1):7-12. doi: 10.1023/a:1014041024787.","Dembling BP","Ment Health Serv Res","2002","2002/07/02","","","10.1023/a:1014041024787"
"19175424","The prevalence of headache and its association with socioeconomic status among schoolchildren in istanbul, Turkey","Işik U, Topuzoğlu A, Ay P, Ersu RH, Arman AR, Onsüz MF, Karavuş M, Dağli E.","Headache. 2009 May;49(5):697-703. doi: 10.1111/j.1526-4610.2009.01339.x. Epub 2009 Jan 21.","Işik U","Headache","2009","2009/01/30","","","10.1111/j.1526-4610.2009.01339.x"
"21209795","Economic Pressure, Parent Personality and Child Development: An Interactionist Analysis","Conger RD, Schofield TK, Conger KJ, Neppl TK.","Hist Soz Forsch. 2010;35(2):169-194.","Conger RD","Hist Soz Forsch","2010","2011/01/07","PMC3014255","NIHMS168369",""
"22566709","Common mental disorders in immigrant and second-generation respondents: results from the Israel-based World Mental Health Survey","Nakash O, Levav I, Gal G.","Int J Soc Psychiatry. 2013 Aug;59(5):508-15. doi: 10.1177/0020764012443754. Epub 2012 May 7.","Nakash O","Int J Soc Psychiatry","2013","2012/05/09","","","10.1177/0020764012443754"
"12770528","Leaving high school: the influence and consequences for psychological well-being and career-related confidence","Creed PA, Muller J, Patton W.","J Adolesc. 2003 Jun;26(3):295-311. doi: 10.1016/s0140-1971(03)00015-0.","Creed PA","J Adolesc","2003","2003/05/29","","","10.1016/s0140-1971(03)00015-0"
"7499990","Health behaviours explain part of the differences in self reported health associated with partner/marital status in The Netherlands","Joung IM, Stronks K, van de Mheen H, Mackenbach JP.","J Epidemiol Community Health. 1995 Oct;49(5):482-8. doi: 10.1136/jech.49.5.482.","Joung IM","J Epidemiol Community Health","1995","1995/10/01","PMC1060151","","10.1136/jech.49.5.482"
"8202741","Dynamics of functional impairment in late adulthood","Maddox GL, Clark DO, Steinhauser K.","Soc Sci Med. 1994 Apr;38(7):925-36. doi: 10.1016/0277-9536(94)90425-1.","Maddox GL","Soc Sci Med","1994","1994/04/01","","","10.1016/0277-9536(94)90425-1"
"17344269","The bioethics of medical research in very poor countries","Tausig M, Subedi S, Subedi J.","Health (London). 2007 Apr;11(2):145-61. doi: 10.1177/1363459307074691.","Tausig M","Health (London)","2007","2007/03/09","","","10.1177/1363459307074691"
"7882876","Drinking and unemployment: contrasting patterns among men and women","Lahelma E, Kangas R, Manderbacka K.","Drug Alcohol Depend. 1995 Jan;37(1):71-82. doi: 10.1016/0376-8716(94)01054-o.","Lahelma E","Drug Alcohol Depend","1995","1995/01/01","","","10.1016/0376-8716(94)01054-o"
"42325430","Food insecurity and child mental health in Masaka District, Uganda: Qualitative study using a realist thematic analysis","Kasujja I, Asiimwe JK, Melgar-Quinonez H, Lund C, Taylor Salisbury T.","Glob Ment Health (Camb). 2026 May 22;13:e123. doi: 10.1017/gmh.2026.10232. eCollection 2026.","Kasujja I","Glob Ment Health (Camb)","2026","2026/06/22","PMC13279967","","10.1017/gmh.2026.10232"
"9019029","Role burdens: the impact of employment and family responsibilities on the health status of Latino women","Rivera R, Torres MI, Carré FJ.","J Health Care Poor Underserved. 1997 Feb;8(1):99-113. doi: 10.1353/hpu.2010.0054.","Rivera R","J Health Care Poor Underserved","1997","1997/02/01","","","10.1353/hpu.2010.0054"
"23071000","Risk of new psychiatric episodes in the year following divorce in midlife: cause or selection? A nationwide register-based study of 703,960 individuals","Björkenstam E, Hallqvist J, Dalman C, Ljung R.","Int J Soc Psychiatry. 2013 Dec;59(8):801-4. doi: 10.1177/0020764012461213. Epub 2012 Oct 15.","Björkenstam E","Int J Soc Psychiatry","2013","2012/10/17","","","10.1177/0020764012461213"
"18717913","The dynamics of life stressors and depressive symptoms in early adolescence: a test of six theoretical models","Clements M, Aber JL, Seidman E.","Child Dev. 2008 Jul-Aug;79(4):1168-82. doi: 10.1111/j.1467-8624.2008.01182.x.","Clements M","Child Dev","2008","2008/08/23","","","10.1111/j.1467-8624.2008.01182.x"
"10414843","Ecological pattern of first admitted schizophrenics in two German cities over 25 years","Löffler W, Häfner H.","Soc Sci Med. 1999 Jul;49(1):93-108. doi: 10.1016/s0277-9536(99)00095-7.","Löffler W","Soc Sci Med","1999","1999/07/22","","","10.1016/s0277-9536(99)00095-7"
"9148162","[The relationship between marital status and health]","Joung IM.","Ned Tijdschr Geneeskd. 1997 Feb 8;141(6):277-82.","Joung IM","Ned Tijdschr Geneeskd","1997","1997/02/08","","",""
